INSERT INTO subjects (id, title) VALUES
  (1, 'Biology'),
  (2, 'Math'),
  (3, 'Physics'),
  (4, 'Chemistry');

INSERT INTO teachers (id, full_name, age, sex, years_of_experience) VALUES
  (1, 'Haviva Hickman', 49, 'female', 7), --math
  (2, 'Duncan Guthrie', 33, 'male', 3), --bio, chem
  (3, 'Katelyn Mccarthy', 60, 'female', 11), --math, phy
  (4, 'Maisie Wise', 57, 'male', 6), --phy
  (5, 'Herrod Logan', 49, 'male', 13), --chem
  (6, 'Addison Roy', 55, 'male', 2), --math
  (7, 'Kimberly Perry', 50, 'female', 17), --bio
  (8, 'Miriam May', 58, 'female', 14), --phy, math
  (9, 'Berk Stokes', 53, 'male', 5), --phy, chem
  (10, 'Damian Mcbride', 30, 'male', 2); --chem

INSERT INTO teachers_to_subjects (teacher_id, subject_id) VALUES
  (1, 2), (2, 1), (2, 4), (3, 2), (3, 3), (4, 3), (5, 4), (6, 2), (7, 1), (8, 3), (8, 2), (9, 3), (9, 4), (10, 4);

INSERT INTO classrooms (id, classroom_number) VALUES
  (1, 75), (2, 109), (3, 91), (4, 134), (5, 139), (6, 138), (7, 118), (8, 99), (9, 88), (10, 100);

INSERT INTO student_groups (id, title) VALUES
  (1, '6a'), (2, '6b'), (3, '7a'), (4, '7b'), (5, '8a'), (6, '8b'), (7, '9a'), (8, '9b'), (9, '10a'), (10, '10b');

INSERT INTO lessons VALUES (1, 1, 7, 10, 7, 'Monday', '13:00:00');
INSERT INTO lessons VALUES (2, 3, 4, 8, 2, 'Tuesday', '08:00:00');
INSERT INTO lessons VALUES (3, 2, 1, 8, 6, 'Saturday', '16:00:00');
INSERT INTO lessons VALUES (4, 1, 7, 2, 2, 'Wednesday', '11:00:00');
INSERT INTO lessons VALUES (5, 1, 7, 3, 9, 'Friday', '11:00:00');
INSERT INTO lessons VALUES (6, 1, 2, 5, 2, 'Monday', '16:00:00');
INSERT INTO lessons VALUES (7, 1, 2, 2, 6, 'Monday', '13:00:00');
INSERT INTO lessons VALUES (8, 3, 8, 7, 10, 'Thursday', '13:00:00');
INSERT INTO lessons VALUES (9, 2, 8, 10, 2, 'Wednesday', '14:00:00');
INSERT INTO lessons VALUES (10, 1, 7, 10, 2, 'Thursday', '16:00:00');
INSERT INTO lessons VALUES (11, 2, 3, 9, 1, 'Friday', '12:00:00');
INSERT INTO lessons VALUES (12, 3, 8, 1, 5, 'Wednesday', '11:00:00');
INSERT INTO lessons VALUES (13, 1, 2, 2, 5, 'Tuesday', '13:00:00');
INSERT INTO lessons VALUES (14, 4, 9, 4, 2, 'Wednesday', '10:00:00');
INSERT INTO lessons VALUES (15, 4, 5, 3, 9, 'Saturday', '12:00:00');
INSERT INTO lessons VALUES (16, 1, 7, 5, 6, 'Saturday', '14:00:00');
INSERT INTO lessons VALUES (17, 3, 8, 7, 1, 'Tuesday', '09:00:00');
INSERT INTO lessons VALUES (18, 1, 7, 8, 7, 'Thursday', '12:00:00');
INSERT INTO lessons VALUES (19, 2, 8, 7, 6, 'Saturday', '08:00:00');
INSERT INTO lessons VALUES (20, 3, 4, 4, 8, 'Tuesday', '16:00:00');
INSERT INTO lessons VALUES (21, 4, 10, 9, 8, 'Saturday', '12:00:00');
INSERT INTO lessons VALUES (22, 4, 2, 5, 3, 'Saturday', '11:00:00');
INSERT INTO lessons VALUES (23, 2, 1, 6, 2, 'Saturday', '13:00:00');
INSERT INTO lessons VALUES (24, 4, 2, 10, 1, 'Tuesday', '14:00:00');
INSERT INTO lessons VALUES (25, 3, 4, 8, 1, 'Thursday', '11:00:00');
INSERT INTO lessons VALUES (26, 2, 3, 3, 4, 'Tuesday', '11:00:00');
INSERT INTO lessons VALUES (27, 4, 9, 10, 10, 'Saturday', '09:00:00');
INSERT INTO lessons VALUES (29, 1, 7, 10, 1, 'Saturday', '16:00:00');
INSERT INTO lessons VALUES (30, 2, 8, 9, 3, 'Saturday', '09:00:00');
INSERT INTO lessons VALUES (32, 4, 9, 1, 5, 'Thursday', '09:00:00');
INSERT INTO lessons VALUES (33, 2, 8, 1, 5, 'Thursday', '15:00:00');
INSERT INTO lessons VALUES (34, 2, 6, 3, 4, 'Wednesday', '12:00:00');
INSERT INTO lessons VALUES (35, 3, 9, 9, 6, 'Thursday', '15:00:00');
INSERT INTO lessons VALUES (36, 3, 9, 7, 5, 'Wednesday', '15:00:00');
INSERT INTO lessons VALUES (37, 1, 2, 8, 10, 'Saturday', '15:00:00');
INSERT INTO lessons VALUES (39, 4, 2, 1, 10, 'Tuesday', '16:00:00');
INSERT INTO lessons VALUES (41, 4, 9, 6, 5, 'Tuesday', '15:00:00');
INSERT INTO lessons VALUES (43, 2, 8, 7, 9, 'Wednesday', '12:00:00');
INSERT INTO lessons VALUES (44, 1, 2, 2, 9, 'Saturday', '16:00:00');
INSERT INTO lessons VALUES (45, 2, 6, 9, 1, 'Monday', '09:00:00');
INSERT INTO lessons VALUES (46, 3, 9, 4, 2, 'Thursday', '08:00:00');
INSERT INTO lessons VALUES (47, 2, 8, 7, 8, 'Saturday', '16:00:00');
INSERT INTO lessons VALUES (50, 3, 3, 5, 6, 'Saturday', '12:00:00');
INSERT INTO lessons VALUES (51, 4, 2, 7, 9, 'Monday', '09:00:00');
INSERT INTO lessons VALUES (52, 1, 7, 8, 5, 'Saturday', '08:00:00');
INSERT INTO lessons VALUES (53, 1, 2, 7, 6, 'Thursday', '12:00:00');
INSERT INTO lessons VALUES (56, 3, 4, 9, 2, 'Tuesday', '15:00:00');
INSERT INTO lessons VALUES (57, 4, 10, 4, 5, 'Monday', '13:00:00');
INSERT INTO lessons VALUES (58, 3, 9, 3, 7, 'Saturday', '13:00:00');
INSERT INTO lessons VALUES (60, 2, 8, 6, 4, 'Wednesday', '13:00:00');
INSERT INTO lessons VALUES (61, 1, 7, 10, 3, 'Tuesday', '15:00:00');
INSERT INTO lessons VALUES (62, 1, 2, 8, 2, 'Thursday', '14:00:00');
INSERT INTO lessons VALUES (63, 2, 1, 8, 9, 'Friday', '09:00:00');
INSERT INTO lessons VALUES (64, 3, 9, 4, 6, 'Monday', '08:00:00');
INSERT INTO lessons VALUES (65, 4, 2, 2, 5, 'Saturday', '09:00:00');
INSERT INTO lessons VALUES (67, 2, 8, 2, 4, 'Saturday', '11:00:00');
INSERT INTO lessons VALUES (68, 3, 9, 3, 10, 'Thursday', '11:00:00');
INSERT INTO lessons VALUES (69, 1, 7, 8, 5, 'Friday', '15:00:00');
INSERT INTO lessons VALUES (70, 3, 9, 4, 6, 'Monday', '10:00:00');
INSERT INTO lessons VALUES (72, 3, 3, 8, 7, 'Thursday', '16:00:00');
INSERT INTO lessons VALUES (73, 1, 7, 3, 5, 'Tuesday', '12:00:00');
INSERT INTO lessons VALUES (74, 4, 5, 8, 4, 'Tuesday', '09:00:00');
INSERT INTO lessons VALUES (75, 4, 2, 2, 1, 'Monday', '12:00:00');
INSERT INTO lessons VALUES (77, 3, 3, 3, 6, 'Monday', '09:00:00');
INSERT INTO lessons VALUES (81, 1, 2, 1, 5, 'Friday', '10:00:00');
INSERT INTO lessons VALUES (82, 2, 3, 5, 4, 'Wednesday', '14:00:00');
INSERT INTO lessons VALUES (83, 4, 5, 6, 5, 'Monday', '08:00:00');
INSERT INTO lessons VALUES (87, 1, 7, 9, 2, 'Wednesday', '08:00:00');
INSERT INTO lessons VALUES (88, 4, 10, 3, 3, 'Saturday', '10:00:00');
INSERT INTO lessons VALUES (90, 4, 9, 2, 3, 'Thursday', '14:00:00');
INSERT INTO lessons VALUES (91, 1, 7, 1, 10, 'Friday', '16:00:00');
INSERT INTO lessons VALUES (93, 4, 9, 8, 1, 'Wednesday', '16:00:00');
INSERT INTO lessons VALUES (95, 3, 8, 10, 1, 'Saturday', '15:00:00');
INSERT INTO lessons VALUES (96, 1, 2, 1, 4, 'Monday', '10:00:00');
INSERT INTO lessons VALUES (97, 4, 10, 9, 8, 'Friday', '13:00:00');
INSERT INTO lessons VALUES (98, 2, 6, 1, 8, 'Tuesday', '11:00:00');
INSERT INTO lessons VALUES (99, 3, 9, 6, 1, 'Wednesday', '14:00:00');
INSERT INTO lessons VALUES (103, 1, 7, 6, 9, 'Friday', '10:00:00');
INSERT INTO lessons VALUES (106, 3, 8, 6, 7, 'Friday', '14:00:00');
INSERT INTO lessons VALUES (108, 3, 9, 9, 4, 'Tuesday', '14:00:00');
INSERT INTO lessons VALUES (109, 1, 2, 5, 3, 'Tuesday', '11:00:00');
INSERT INTO lessons VALUES (113, 1, 7, 6, 1, 'Thursday', '09:00:00');
INSERT INTO lessons VALUES (114, 4, 10, 2, 8, 'Wednesday', '10:00:00');
INSERT INTO lessons VALUES (115, 2, 1, 9, 9, 'Friday', '14:00:00');
INSERT INTO lessons VALUES (117, 2, 8, 3, 2, 'Monday', '14:00:00');
INSERT INTO lessons VALUES (118, 1, 7, 8, 5, 'Tuesday', '11:00:00');
INSERT INTO lessons VALUES (120, 2, 1, 8, 5, 'Monday', '16:00:00');
INSERT INTO lessons VALUES (121, 1, 2, 5, 8, 'Monday', '15:00:00');
INSERT INTO lessons VALUES (122, 1, 7, 9, 2, 'Friday', '09:00:00');
INSERT INTO lessons VALUES (123, 2, 3, 9, 10, 'Saturday', '16:00:00');
INSERT INTO lessons VALUES (124, 3, 9, 4, 1, 'Wednesday', '09:00:00');
INSERT INTO lessons VALUES (126, 2, 8, 5, 6, 'Wednesday', '08:00:00');
INSERT INTO lessons VALUES (127, 3, 8, 7, 9, 'Monday', '11:00:00');
INSERT INTO lessons VALUES (129, 4, 5, 2, 2, 'Tuesday', '12:00:00');
INSERT INTO lessons VALUES (131, 3, 4, 6, 2, 'Tuesday', '14:00:00');
INSERT INTO lessons VALUES (132, 4, 10, 10, 1, 'Thursday', '08:00:00');
INSERT INTO lessons VALUES (135, 4, 2, 4, 5, 'Saturday', '10:00:00');
INSERT INTO lessons VALUES (139, 3, 8, 10, 7, 'Wednesday', '15:00:00');
INSERT INTO lessons VALUES (140, 2, 6, 9, 10, 'Friday', '10:00:00');
INSERT INTO lessons VALUES (141, 3, 8, 9, 3, 'Thursday', '09:00:00');
INSERT INTO lessons VALUES (142, 1, 2, 6, 6, 'Friday', '09:00:00');
INSERT INTO lessons VALUES (144, 4, 2, 1, 10, 'Friday', '14:00:00');
INSERT INTO lessons VALUES (148, 3, 8, 7, 8, 'Saturday', '13:00:00');
INSERT INTO lessons VALUES (150, 4, 9, 1, 1, 'Monday', '11:00:00');
INSERT INTO lessons VALUES (151, 1, 2, 10, 2, 'Saturday', '14:00:00');
INSERT INTO lessons VALUES (157, 2, 8, 5, 3, 'Monday', '12:00:00');
INSERT INTO lessons VALUES (158, 4, 10, 8, 3, 'Friday', '12:00:00');
INSERT INTO lessons VALUES (159, 4, 2, 5, 3, 'Monday', '14:00:00');
INSERT INTO lessons VALUES (160, 2, 6, 4, 10, 'Saturday', '14:00:00');
INSERT INTO lessons VALUES (162, 4, 9, 4, 7, 'Saturday', '08:00:00');
INSERT INTO lessons VALUES (163, 4, 10, 2, 10, 'Monday', '14:00:00');
INSERT INTO lessons VALUES (164, 3, 4, 3, 9, 'Wednesday', '10:00:00');
INSERT INTO lessons VALUES (165, 2, 6, 3, 8, 'Wednesday', '09:00:00');
INSERT INTO lessons VALUES (166, 2, 3, 8, 9, 'Saturday', '14:00:00');
INSERT INTO lessons VALUES (167, 4, 10, 9, 10, 'Friday', '11:00:00');
INSERT INTO lessons VALUES (168, 3, 4, 7, 9, 'Monday', '15:00:00');
INSERT INTO lessons VALUES (169, 4, 5, 7, 4, 'Saturday', '10:00:00');
INSERT INTO lessons VALUES (170, 4, 5, 10, 8, 'Wednesday', '11:00:00');
INSERT INTO lessons VALUES (173, 2, 3, 10, 4, 'Friday', '16:00:00');
INSERT INTO lessons VALUES (174, 2, 1, 4, 2, 'Wednesday', '13:00:00');
INSERT INTO lessons VALUES (175, 4, 5, 3, 6, 'Friday', '12:00:00');
INSERT INTO lessons VALUES (177, 2, 3, 7, 8, 'Saturday', '11:00:00');
INSERT INTO lessons VALUES (178, 4, 2, 6, 4, 'Thursday', '08:00:00');
INSERT INTO lessons VALUES (179, 3, 4, 4, 2, 'Wednesday', '15:00:00');
INSERT INTO lessons VALUES (180, 3, 8, 7, 6, 'Tuesday', '14:00:00');
INSERT INTO lessons VALUES (181, 3, 9, 4, 6, 'Tuesday', '10:00:00');
INSERT INTO lessons VALUES (182, 1, 7, 6, 9, 'Tuesday', '09:00:00');
INSERT INTO lessons VALUES (183, 2, 3, 10, 7, 'Thursday', '10:00:00');
INSERT INTO lessons VALUES (184, 1, 7, 4, 2, 'Thursday', '13:00:00');
INSERT INTO lessons VALUES (185, 4, 5, 10, 1, 'Friday', '08:00:00');
INSERT INTO lessons VALUES (186, 2, 3, 10, 8, 'Saturday', '10:00:00');
INSERT INTO lessons VALUES (191, 2, 8, 10, 8, 'Thursday', '12:00:00');
INSERT INTO lessons VALUES (192, 3, 4, 1, 4, 'Saturday', '15:00:00');
INSERT INTO lessons VALUES (194, 3, 3, 5, 10, 'Friday', '09:00:00');
INSERT INTO lessons VALUES (197, 4, 9, 2, 2, 'Monday', '09:00:00');
INSERT INTO lessons VALUES (198, 1, 2, 7, 7, 'Wednesday', '10:00:00');
INSERT INTO lessons VALUES (201, 2, 6, 3, 1, 'Monday', '15:00:00');
INSERT INTO lessons VALUES (207, 2, 6, 3, 5, 'Friday', '14:00:00');
INSERT INTO lessons VALUES (210, 1, 2, 3, 5, 'Wednesday', '16:00:00');
INSERT INTO lessons VALUES (217, 3, 3, 6, 10, 'Thursday', '12:00:00');
INSERT INTO lessons VALUES (218, 4, 5, 5, 10, 'Wednesday', '09:00:00');
INSERT INTO lessons VALUES (219, 2, 3, 2, 5, 'Tuesday', '14:00:00');
INSERT INTO lessons VALUES (221, 1, 2, 3, 10, 'Saturday', '08:00:00');
INSERT INTO lessons VALUES (222, 2, 1, 7, 5, 'Thursday', '16:00:00');
INSERT INTO lessons VALUES (223, 3, 9, 10, 7, 'Friday', '13:00:00');
INSERT INTO lessons VALUES (225, 2, 6, 8, 1, 'Wednesday', '10:00:00');
INSERT INTO lessons VALUES (226, 3, 3, 5, 2, 'Thursday', '11:00:00');
INSERT INTO lessons VALUES (227, 2, 6, 3, 8, 'Monday', '11:00:00');
INSERT INTO lessons VALUES (229, 1, 2, 2, 1, 'Tuesday', '10:00:00');
INSERT INTO lessons VALUES (236, 2, 8, 9, 7, 'Friday', '08:00:00');
INSERT INTO lessons VALUES (242, 4, 10, 4, 4, 'Friday', '09:00:00');
INSERT INTO lessons VALUES (244, 4, 2, 6, 8, 'Wednesday', '15:00:00');
INSERT INTO lessons VALUES (249, 2, 3, 5, 3, 'Monday', '10:00:00');
INSERT INTO lessons VALUES (250, 3, 3, 4, 4, 'Friday', '08:00:00');
INSERT INTO lessons VALUES (254, 1, 2, 9, 9, 'Thursday', '10:00:00');
INSERT INTO lessons VALUES (255, 3, 4, 7, 7, 'Monday', '10:00:00');
INSERT INTO lessons VALUES (256, 3, 4, 1, 7, 'Tuesday', '09:00:00');
INSERT INTO lessons VALUES (258, 2, 6, 3, 3, 'Wednesday', '14:00:00');
INSERT INTO lessons VALUES (260, 4, 5, 10, 8, 'Saturday', '08:00:00');
INSERT INTO lessons VALUES (262, 3, 4, 1, 3, 'Tuesday', '13:00:00');
INSERT INTO lessons VALUES (268, 1, 7, 9, 5, 'Thursday', '11:00:00');
INSERT INTO lessons VALUES (270, 4, 10, 5, 4, 'Thursday', '10:00:00');
INSERT INTO lessons VALUES (276, 3, 3, 5, 9, 'Tuesday', '12:00:00');
INSERT INTO lessons VALUES (277, 2, 1, 1, 5, 'Thursday', '10:00:00');
INSERT INTO lessons VALUES (278, 2, 1, 9, 5, 'Monday', '11:00:00');
INSERT INTO lessons VALUES (280, 1, 7, 6, 3, 'Monday', '16:00:00');
INSERT INTO lessons VALUES (282, 2, 6, 9, 4, 'Thursday', '14:00:00');
INSERT INTO lessons VALUES (287, 4, 5, 5, 7, 'Tuesday', '10:00:00');
INSERT INTO lessons VALUES (290, 4, 10, 8, 5, 'Wednesday', '14:00:00');
INSERT INTO lessons VALUES (292, 1, 2, 1, 1, 'Wednesday', '12:00:00');
INSERT INTO lessons VALUES (295, 3, 8, 6, 6, 'Thursday', '11:00:00');
INSERT INTO lessons VALUES (296, 3, 3, 8, 6, 'Thursday', '13:00:00');
INSERT INTO lessons VALUES (303, 1, 2, 2, 8, 'Friday', '15:00:00');
INSERT INTO lessons VALUES (305, 4, 10, 2, 8, 'Saturday', '14:00:00');
INSERT INTO lessons VALUES (306, 4, 10, 1, 8, 'Thursday', '14:00:00');
INSERT INTO lessons VALUES (314, 4, 10, 8, 8, 'Friday', '14:00:00');
INSERT INTO lessons VALUES (316, 4, 9, 2, 3, 'Wednesday', '13:00:00');
INSERT INTO lessons VALUES (317, 3, 9, 7, 2, 'Thursday', '10:00:00');
INSERT INTO lessons VALUES (319, 2, 8, 2, 4, 'Friday', '13:00:00');
INSERT INTO lessons VALUES (326, 1, 7, 7, 5, 'Saturday', '12:00:00');
INSERT INTO lessons VALUES (328, 4, 9, 6, 3, 'Thursday', '16:00:00');
INSERT INTO lessons VALUES (330, 2, 8, 3, 2, 'Tuesday', '16:00:00');
INSERT INTO lessons VALUES (331, 4, 5, 5, 8, 'Saturday', '09:00:00');
INSERT INTO lessons VALUES (335, 2, 6, 7, 9, 'Friday', '08:00:00');
INSERT INTO lessons VALUES (336, 3, 3, 2, 5, 'Saturday', '15:00:00');
INSERT INTO lessons VALUES (339, 3, 9, 1, 4, 'Monday', '16:00:00');
INSERT INTO lessons VALUES (340, 4, 10, 9, 6, 'Wednesday', '13:00:00');
INSERT INTO lessons VALUES (350, 4, 5, 9, 7, 'Thursday', '08:00:00');
INSERT INTO lessons VALUES (351, 3, 9, 5, 2, 'Saturday', '16:00:00');
INSERT INTO lessons VALUES (358, 2, 3, 10, 6, 'Wednesday', '16:00:00');
INSERT INTO lessons VALUES (359, 2, 1, 2, 9, 'Friday', '16:00:00');
INSERT INTO lessons VALUES (360, 1, 7, 1, 4, 'Wednesday', '15:00:00');
INSERT INTO lessons VALUES (361, 4, 9, 5, 1, 'Saturday', '10:00:00');
INSERT INTO lessons VALUES (367, 2, 1, 6, 10, 'Saturday', '12:00:00');
INSERT INTO lessons VALUES (383, 1, 7, 1, 6, 'Thursday', '08:00:00');
INSERT INTO lessons VALUES (385, 2, 8, 8, 8, 'Monday', '10:00:00');
INSERT INTO lessons VALUES (393, 1, 2, 4, 1, 'Thursday', '16:00:00');
INSERT INTO lessons VALUES (395, 1, 2, 5, 6, 'Tuesday', '09:00:00');
INSERT INTO lessons VALUES (398, 2, 8, 10, 9, 'Wednesday', '09:00:00');
INSERT INTO lessons VALUES (407, 2, 6, 9, 9, 'Monday', '10:00:00');
INSERT INTO lessons VALUES (408, 2, 3, 8, 10, 'Friday', '13:00:00');
INSERT INTO lessons VALUES (410, 3, 3, 9, 6, 'Wednesday', '09:00:00');
INSERT INTO lessons VALUES (411, 2, 1, 6, 2, 'Tuesday', '11:00:00');
INSERT INTO lessons VALUES (414, 3, 9, 8, 5, 'Friday', '11:00:00');
INSERT INTO lessons VALUES (420, 4, 9, 9, 6, 'Tuesday', '08:00:00');
INSERT INTO lessons VALUES (422, 4, 5, 6, 2, 'Wednesday', '16:00:00');
INSERT INTO lessons VALUES (427, 1, 7, 1, 5, 'Friday', '13:00:00');
INSERT INTO lessons VALUES (432, 4, 9, 9, 7, 'Tuesday', '12:00:00');
INSERT INTO lessons VALUES (437, 2, 3, 1, 9, 'Wednesday', '08:00:00');
INSERT INTO lessons VALUES (445, 4, 9, 5, 4, 'Thursday', '13:00:00');
INSERT INTO lessons VALUES (446, 3, 8, 5, 7, 'Friday', '15:00:00');
INSERT INTO lessons VALUES (447, 1, 2, 4, 7, 'Monday', '11:00:00');
INSERT INTO lessons VALUES (454, 1, 7, 7, 7, 'Tuesday', '13:00:00');
INSERT INTO lessons VALUES (455, 2, 6, 2, 1, 'Saturday', '12:00:00');
INSERT INTO lessons VALUES (459, 2, 1, 10, 9, 'Tuesday', '16:00:00');
INSERT INTO lessons VALUES (462, 1, 7, 5, 7, 'Tuesday', '14:00:00');
INSERT INTO lessons VALUES (466, 1, 7, 9, 7, 'Monday', '12:00:00');
INSERT INTO lessons VALUES (468, 4, 10, 8, 8, 'Friday', '16:00:00');
INSERT INTO lessons VALUES (469, 2, 6, 3, 1, 'Thursday', '10:00:00');
INSERT INTO lessons VALUES (475, 1, 7, 9, 6, 'Saturday', '10:00:00');
INSERT INTO lessons VALUES (485, 2, 6, 10, 4, 'Tuesday', '12:00:00');
INSERT INTO lessons VALUES (486, 4, 2, 1, 1, 'Wednesday', '13:00:00');
INSERT INTO lessons VALUES (488, 4, 5, 1, 7, 'Tuesday', '08:00:00');
INSERT INTO lessons VALUES (494, 4, 10, 2, 8, 'Tuesday', '09:00:00');
INSERT INTO lessons VALUES (496, 1, 2, 2, 4, 'Tuesday', '15:00:00');
INSERT INTO lessons VALUES (500, 3, 8, 7, 9, 'Wednesday', '16:00:00');
INSERT INTO lessons VALUES (506, 1, 2, 5, 4, 'Thursday', '09:00:00');
INSERT INTO lessons VALUES (512, 4, 5, 3, 4, 'Thursday', '12:00:00');
INSERT INTO lessons VALUES (516, 2, 6, 7, 5, 'Tuesday', '10:00:00');
INSERT INTO lessons VALUES (524, 1, 7, 1, 7, 'Monday', '09:00:00');
INSERT INTO lessons VALUES (532, 4, 10, 4, 7, 'Wednesday', '11:00:00');
INSERT INTO lessons VALUES (548, 3, 3, 2, 1, 'Friday', '11:00:00');
INSERT INTO lessons VALUES (554, 3, 8, 1, 2, 'Saturday', '10:00:00');
INSERT INTO lessons VALUES (557, 1, 2, 5, 10, 'Thursday', '15:00:00');
INSERT INTO lessons VALUES (560, 4, 10, 1, 4, 'Monday', '12:00:00');
INSERT INTO lessons VALUES (562, 3, 3, 10, 6, 'Thursday', '14:00:00');
INSERT INTO lessons VALUES (573, 4, 5, 7, 4, 'Thursday', '11:00:00');
INSERT INTO lessons VALUES (574, 4, 9, 3, 8, 'Friday', '08:00:00');
INSERT INTO lessons VALUES (579, 3, 4, 4, 10, 'Saturday', '11:00:00');
INSERT INTO lessons VALUES (583, 3, 3, 3, 3, 'Monday', '13:00:00');
INSERT INTO lessons VALUES (586, 2, 8, 1, 8, 'Thursday', '16:00:00');
INSERT INTO lessons VALUES (593, 3, 8, 6, 6, 'Tuesday', '12:00:00');
INSERT INTO lessons VALUES (597, 3, 4, 8, 8, 'Thursday', '09:00:00');
INSERT INTO lessons VALUES (604, 4, 5, 10, 2, 'Monday', '15:00:00');
INSERT INTO lessons VALUES (608, 2, 8, 10, 10, 'Wednesday', '10:00:00');
INSERT INTO lessons VALUES (611, 3, 3, 8, 1, 'Tuesday', '13:00:00');
INSERT INTO lessons VALUES (622, 3, 9, 9, 6, 'Tuesday', '11:00:00');
INSERT INTO lessons VALUES (635, 4, 2, 7, 6, 'Friday', '11:00:00');
INSERT INTO lessons VALUES (640, 4, 5, 10, 6, 'Monday', '16:00:00');
INSERT INTO lessons VALUES (664, 4, 2, 2, 1, 'Monday', '08:00:00');
INSERT INTO lessons VALUES (666, 1, 7, 9, 9, 'Saturday', '13:00:00');
INSERT INTO lessons VALUES (670, 3, 8, 7, 10, 'Friday', '12:00:00');
INSERT INTO lessons VALUES (675, 3, 4, 7, 7, 'Friday', '10:00:00');
INSERT INTO lessons VALUES (680, 3, 8, 8, 6, 'Thursday', '10:00:00');
INSERT INTO lessons VALUES (681, 2, 1, 9, 3, 'Wednesday', '12:00:00');
INSERT INTO lessons VALUES (686, 2, 6, 9, 7, 'Monday', '14:00:00');
INSERT INTO lessons VALUES (689, 2, 3, 9, 4, 'Tuesday', '10:00:00');
INSERT INTO lessons VALUES (698, 2, 1, 9, 8, 'Monday', '08:00:00');
INSERT INTO lessons VALUES (704, 1, 7, 2, 8, 'Thursday', '15:00:00');
INSERT INTO lessons VALUES (713, 3, 8, 2, 7, 'Tuesday', '11:00:00');
INSERT INTO lessons VALUES (717, 1, 7, 10, 5, 'Tuesday', '08:00:00');
INSERT INTO lessons VALUES (721, 4, 10, 4, 10, 'Tuesday', '14:00:00');
INSERT INTO lessons VALUES (745, 1, 7, 2, 6, 'Monday', '15:00:00');
INSERT INTO lessons VALUES (751, 2, 1, 8, 1, 'Monday', '14:00:00');
INSERT INTO lessons VALUES (752, 2, 6, 4, 10, 'Thursday', '09:00:00');
INSERT INTO lessons VALUES (755, 3, 4, 3, 3, 'Thursday', '08:00:00');
INSERT INTO lessons VALUES (765, 3, 3, 1, 4, 'Saturday', '13:00:00');
INSERT INTO lessons VALUES (777, 3, 9, 8, 1, 'Tuesday', '16:00:00');
INSERT INTO lessons VALUES (782, 1, 7, 10, 3, 'Monday', '08:00:00');
INSERT INTO lessons VALUES (787, 3, 3, 2, 10, 'Monday', '16:00:00');
INSERT INTO lessons VALUES (791, 3, 4, 10, 4, 'Monday', '09:00:00');
INSERT INTO lessons VALUES (794, 4, 5, 10, 3, 'Monday', '11:00:00');
INSERT INTO lessons VALUES (797, 1, 2, 10, 3, 'Thursday', '13:00:00');
INSERT INTO lessons VALUES (800, 1, 7, 7, 9, 'Wednesday', '13:00:00');
INSERT INTO lessons VALUES (805, 2, 1, 2, 10, 'Monday', '10:00:00');
INSERT INTO lessons VALUES (809, 4, 9, 3, 6, 'Friday', '16:00:00');
INSERT INTO lessons VALUES (816, 3, 3, 5, 1, 'Saturday', '08:00:00');
INSERT INTO lessons VALUES (818, 2, 1, 5, 9, 'Thursday', '12:00:00');
INSERT INTO lessons VALUES (839, 4, 9, 10, 9, 'Friday', '15:00:00');
INSERT INTO lessons VALUES (849, 2, 1, 7, 4, 'Saturday', '09:00:00');
INSERT INTO lessons VALUES (875, 4, 5, 5, 7, 'Wednesday', '12:00:00');
INSERT INTO lessons VALUES (901, 3, 4, 6, 5, 'Wednesday', '09:00:00');
INSERT INTO lessons VALUES (903, 4, 10, 9, 5, 'Saturday', '11:00:00');
INSERT INTO lessons VALUES (904, 3, 3, 9, 4, 'Tuesday', '16:00:00');
INSERT INTO lessons VALUES (917, 3, 9, 4, 8, 'Saturday', '15:00:00');
INSERT INTO lessons VALUES (945, 2, 6, 8, 10, 'Wednesday', '11:00:00');
INSERT INTO lessons VALUES (949, 4, 9, 4, 4, 'Friday', '14:00:00');
INSERT INTO lessons VALUES (954, 4, 10, 1, 8, 'Thursday', '11:00:00');
INSERT INTO lessons VALUES (958, 3, 4, 3, 9, 'Monday', '16:00:00');
INSERT INTO lessons VALUES (967, 1, 7, 2, 10, 'Friday', '08:00:00');
INSERT INTO lessons VALUES (973, 3, 4, 10, 9, 'Monday', '14:00:00');
INSERT INTO lessons VALUES (978, 4, 10, 6, 9, 'Tuesday', '08:00:00');
INSERT INTO lessons VALUES (993, 2, 6, 8, 8, 'Monday', '13:00:00');
INSERT INTO lessons VALUES (1018, 1, 7, 7, 6, 'Monday', '14:00:00');
INSERT INTO lessons VALUES (1038, 3, 4, 5, 10, 'Thursday', '14:00:00');
INSERT INTO lessons VALUES (1063, 4, 5, 1, 7, 'Thursday', '13:00:00');
INSERT INTO lessons VALUES (1067, 1, 7, 8, 10, 'Monday', '11:00:00');
INSERT INTO lessons VALUES (1070, 2, 3, 10, 7, 'Thursday', '15:00:00');
INSERT INTO lessons VALUES (1107, 4, 2, 5, 3, 'Friday', '13:00:00');
INSERT INTO lessons VALUES (1141, 4, 2, 9, 7, 'Wednesday', '14:00:00');
INSERT INTO lessons VALUES (1160, 2, 6, 1, 7, 'Saturday', '16:00:00');
INSERT INTO lessons VALUES (1197, 4, 2, 3, 6, 'Wednesday', '11:00:00');
INSERT INTO lessons VALUES (1200, 4, 5, 5, 10, 'Monday', '13:00:00');
INSERT INTO lessons VALUES (1220, 3, 8, 1, 8, 'Tuesday', '15:00:00');
INSERT INTO lessons VALUES (1245, 4, 2, 2, 7, 'Wednesday', '08:00:00');
INSERT INTO lessons VALUES (1246, 2, 6, 2, 4, 'Wednesday', '16:00:00');
INSERT INTO lessons VALUES (1254, 3, 3, 5, 10, 'Wednesday', '15:00:00');
INSERT INTO lessons VALUES (1256, 2, 6, 1, 3, 'Friday', '09:00:00');
INSERT INTO lessons VALUES (1262, 2, 8, 1, 4, 'Monday', '13:00:00');
INSERT INTO lessons VALUES (1265, 4, 10, 3, 6, 'Saturday', '09:00:00');
INSERT INTO lessons VALUES (1283, 2, 6, 5, 2, 'Saturday', '15:00:00');
INSERT INTO lessons VALUES (1287, 3, 3, 7, 10, 'Thursday', '08:00:00');
INSERT INTO lessons VALUES (1322, 2, 6, 9, 5, 'Thursday', '12:00:00');
INSERT INTO lessons VALUES (1329, 1, 2, 4, 3, 'Tuesday', '08:00:00');
INSERT INTO lessons VALUES (1342, 4, 5, 3, 5, 'Thursday', '14:00:00');
INSERT INTO lessons VALUES (1350, 4, 5, 6, 5, 'Monday', '14:00:00');
INSERT INTO lessons VALUES (1365, 4, 9, 7, 1, 'Monday', '13:00:00');
INSERT INTO lessons VALUES (1367, 4, 10, 3, 9, 'Thursday', '09:00:00');
INSERT INTO lessons VALUES (1392, 2, 6, 2, 9, 'Saturday', '08:00:00');
INSERT INTO lessons VALUES (1404, 1, 2, 2, 10, 'Saturday', '13:00:00');
INSERT INTO lessons VALUES (1418, 3, 3, 2, 3, 'Friday', '14:00:00');
INSERT INTO lessons VALUES (1455, 1, 2, 7, 3, 'Tuesday', '12:00:00');
INSERT INTO lessons VALUES (1502, 2, 1, 10, 3, 'Tuesday', '10:00:00');
INSERT INTO lessons VALUES (1505, 2, 8, 1, 2, 'Monday', '08:00:00');
INSERT INTO lessons VALUES (1516, 4, 10, 9, 2, 'Friday', '15:00:00');
INSERT INTO lessons VALUES (1528, 4, 2, 5, 1, 'Friday', '16:00:00');
INSERT INTO lessons VALUES (1538, 3, 4, 4, 9, 'Wednesday', '14:00:00');
INSERT INTO lessons VALUES (1549, 3, 4, 5, 9, 'Monday', '08:00:00');
INSERT INTO lessons VALUES (1551, 1, 2, 5, 9, 'Friday', '12:00:00');
INSERT INTO lessons VALUES (1569, 4, 10, 4, 3, 'Thursday', '15:00:00');
INSERT INTO lessons VALUES (1577, 4, 5, 8, 1, 'Saturday', '13:00:00');
INSERT INTO lessons VALUES (1591, 2, 1, 1, 6, 'Friday', '08:00:00');
INSERT INTO lessons VALUES (1610, 3, 4, 8, 4, 'Saturday', '12:00:00');
INSERT INTO lessons VALUES (1626, 1, 7, 6, 2, 'Monday', '10:00:00');
INSERT INTO lessons VALUES (1665, 1, 7, 4, 1, 'Thursday', '14:00:00');
INSERT INTO lessons VALUES (1690, 4, 5, 2, 1, 'Wednesday', '15:00:00');
INSERT INTO lessons VALUES (1692, 4, 10, 2, 7, 'Tuesday', '16:00:00');
INSERT INTO lessons VALUES (1697, 4, 10, 1, 7, 'Monday', '15:00:00');
INSERT INTO lessons VALUES (1706, 3, 9, 1, 2, 'Saturday', '11:00:00');
INSERT INTO lessons VALUES (1729, 2, 1, 6, 10, 'Monday', '15:00:00');
INSERT INTO lessons VALUES (1730, 3, 9, 1, 7, 'Friday', '12:00:00');
INSERT INTO lessons VALUES (1738, 3, 9, 4, 5, 'Monday', '15:00:00');
INSERT INTO lessons VALUES (1747, 2, 1, 7, 5, 'Saturday', '14:00:00');
INSERT INTO lessons VALUES (1769, 3, 4, 5, 7, 'Wednesday', '13:00:00');
INSERT INTO lessons VALUES (1831, 2, 1, 6, 1, 'Friday', '15:00:00');
INSERT INTO lessons VALUES (1850, 1, 7, 5, 8, 'Wednesday', '16:00:00');
INSERT INTO lessons VALUES (1868, 3, 4, 1, 1, 'Thursday', '12:00:00');
INSERT INTO lessons VALUES (1870, 3, 8, 3, 2, 'Tuesday', '10:00:00');
INSERT INTO lessons VALUES (1886, 3, 3, 7, 4, 'Tuesday', '08:00:00');
INSERT INTO lessons VALUES (1984, 3, 4, 10, 3, 'Saturday', '13:00:00');
INSERT INTO lessons VALUES (2000, 2, 8, 5, 2, 'Tuesday', '13:00:00');
INSERT INTO lessons VALUES (2006, 4, 10, 10, 8, 'Wednesday', '12:00:00');
INSERT INTO lessons VALUES (2010, 3, 4, 9, 9, 'Thursday', '13:00:00');
INSERT INTO lessons VALUES (2027, 4, 5, 4, 4, 'Friday', '11:00:00');
INSERT INTO lessons VALUES (2031, 4, 10, 1, 4, 'Wednesday', '09:00:00');
INSERT INTO lessons VALUES (2059, 3, 9, 2, 3, 'Thursday', '12:00:00');
INSERT INTO lessons VALUES (2068, 2, 3, 2, 8, 'Friday', '10:00:00');
INSERT INTO lessons VALUES (2083, 2, 6, 2, 9, 'Saturday', '10:00:00');
INSERT INTO lessons VALUES (2124, 4, 5, 10, 10, 'Tuesday', '13:00:00');
INSERT INTO lessons VALUES (2213, 4, 5, 1, 4, 'Saturday', '14:00:00');
INSERT INTO lessons VALUES (2214, 3, 4, 6, 8, 'Monday', '12:00:00');
INSERT INTO lessons VALUES (2277, 3, 4, 9, 2, 'Monday', '13:00:00');
INSERT INTO lessons VALUES (2364, 1, 7, 10, 7, 'Saturday', '11:00:00');
INSERT INTO lessons VALUES (2368, 3, 3, 3, 6, 'Monday', '12:00:00');
INSERT INTO lessons VALUES (2380, 3, 4, 2, 5, 'Wednesday', '12:00:00');
INSERT INTO lessons VALUES (2386, 2, 6, 3, 9, 'Thursday', '16:00:00');
INSERT INTO lessons VALUES (2405, 4, 5, 4, 10, 'Friday', '15:00:00');
INSERT INTO lessons VALUES (2409, 2, 6, 3, 8, 'Wednesday', '13:00:00');
INSERT INTO lessons VALUES (2421, 2, 1, 4, 3, 'Friday', '10:00:00');
INSERT INTO lessons VALUES (2462, 3, 4, 3, 4, 'Wednesday', '08:00:00');
INSERT INTO lessons VALUES (2532, 1, 7, 6, 10, 'Tuesday', '10:00:00');
INSERT INTO lessons VALUES (2585, 3, 8, 6, 7, 'Thursday', '14:00:00');
INSERT INTO lessons VALUES (2647, 1, 7, 1, 6, 'Wednesday', '10:00:00');
INSERT INTO lessons VALUES (2755, 2, 6, 7, 7, 'Tuesday', '15:00:00');
INSERT INTO lessons VALUES (2757, 4, 10, 7, 4, 'Monday', '08:00:00');
INSERT INTO lessons VALUES (2772, 2, 3, 10, 5, 'Wednesday', '13:00:00');
INSERT INTO lessons VALUES (2908, 1, 2, 1, 7, 'Saturday', '12:00:00');
INSERT INTO lessons VALUES (2914, 2, 1, 4, 9, 'Tuesday', '15:00:00');
INSERT INTO lessons VALUES (3001, 3, 4, 6, 1, 'Saturday', '09:00:00');
INSERT INTO lessons VALUES (3106, 3, 3, 6, 6, 'Wednesday', '12:00:00');
INSERT INTO lessons VALUES (3140, 2, 1, 2, 7, 'Thursday', '11:00:00');
INSERT INTO lessons VALUES (3141, 4, 5, 4, 3, 'Friday', '16:00:00');
INSERT INTO lessons VALUES (3162, 1, 7, 1, 6, 'Wednesday', '14:00:00');
INSERT INTO lessons VALUES (3184, 3, 9, 5, 4, 'Friday', '10:00:00');
INSERT INTO lessons VALUES (3263, 2, 1, 9, 9, 'Wednesday', '11:00:00');
INSERT INTO lessons VALUES (3289, 2, 6, 8, 10, 'Monday', '08:00:00');
INSERT INTO lessons VALUES (3299, 4, 5, 6, 9, 'Friday', '13:00:00');
INSERT INTO lessons VALUES (3462, 2, 3, 3, 3, 'Friday', '15:00:00');
INSERT INTO lessons VALUES (3497, 1, 2, 8, 2, 'Friday', '08:00:00');
INSERT INTO lessons VALUES (3547, 3, 4, 4, 10, 'Tuesday', '12:00:00');
INSERT INTO lessons VALUES (3569, 3, 9, 4, 10, 'Monday', '12:00:00');
INSERT INTO lessons VALUES (3598, 4, 5, 6, 3, 'Thursday', '10:00:00');
INSERT INTO lessons VALUES (3668, 4, 5, 3, 6, 'Saturday', '15:00:00');
INSERT INTO lessons VALUES (3687, 1, 7, 6, 5, 'Friday', '12:00:00');
INSERT INTO lessons VALUES (3845, 3, 4, 7, 1, 'Friday', '13:00:00');
INSERT INTO lessons VALUES (3921, 2, 8, 6, 7, 'Friday', '16:00:00');
INSERT INTO lessons VALUES (3933, 2, 1, 8, 8, 'Wednesday', '08:00:00');